email,label
Meeting scheduled for tomorrow at 10 AM. Please confirm your attendance.,work
Project update: marketing milestone completed. Next steps discussed.,work
Quarterly review results are attached. Please review and provide feedback.,work
Team collaboration on sales project. Your input needed on the proposal.,work
Budget approval required for 2024 initiative. Documentation attached.,work
Hey! How are you doing? Long time no see. Let's catch up soon!,personal
Thanks for the birthday wishes! Had a great celebration with family.,personal
Planning a get-together this weekend. Hope you can make it!,personal
Just wanted to check in and see how things are going with you.,personal
Remember that restaurant we talked about? Finally tried it - amazing!,personal
SALE: Up to 50% off on electronics! Limited time offer. Shop now!,promotions
Exclusive deal just for you: laptop now available at discounted price.,promotions
Black Friday Preview: Early access to clothing deals starting tomorrow!,promotions
Your favorite books is back in stock! Get yours before they're gone.,promotions
Special discount code inside: Save 30% on your next furniture purchase.,promotions
You've won $1000000! Claim your prize now by clicking here!!!,spam
Urgent: Your account will be suspended. Verify your information immediately.,spam
Make money working from home! Earn $500 per day guaranteed!!!,spam
Singles in your area want to meet you! Click here now!!!,spam
Congratulations! You've been selected for a special online.,spam
Facebook: John commented on your post. See what they said.,social
LinkedIn: You have 5 new connection requests waiting.,social
Twitter: Sarah mentioned you in a tweet. Check it out!,social
Instagram: Michael liked your recent photo. View their profile.,social
Your friend Emily just joined Facebook! Say hello.,social
Your checking credit card statement is now available. Amount due: $250.,finance
Bank alert: Transaction of $100 processed on your account.,finance
Payment confirmation: $500 received for invoice 1234.,finance
Monthly statement for savings account - balance: $5678.,finance
Investment portfolio update: Your January holdings summary for 2024.,finance
Weekly tech digest: Top business stories you might have missed.,newsletter
Your daily news roundup for January is here.,newsletter
Monthly newsletter: Updates on health and upcoming events.,newsletter
Industry insights: Latest trends in finance sector this week.,newsletter
Blog update: New article on marketing just published!,newsletter

